clean_user_id,name,email
1,Dr. James Everett,veronicatodd@hotmail.com
2,Meagan Johnson MD,flynnlori@alvarez.com
3,Amanda Travis,tracey17@hotmail.com
4,Margaret Cabrera,kellyramos@strong.biz
5,Cynthia Larson,barrettjustin@yahoo.com
6,Matthew Weber,jon66@yahoo.com
7,Mackenzie Jimenez,lauren07@gmail.com
8,Teresa Humphrey,rioskyle@yahoo.com
9,Angela Goodman,lewisjoyce@huff.com
10,Eric Roberts,hooverstephanie@miller.biz
11,Eric Johnson,esparzaeric@ingram.com
12,Linda Robinson,linda93@gmail.com
13,Taylor Peterson,rodriguezmark@gmail.com
14,Shelley Daniel,heatherellis@yahoo.com
15,Michelle Ward,bennettderek@gmail.com
16,Cassandra Howe,bakerchristopher@whitaker.org
17,David Roman,ryanlee@hotmail.com
18,Jill Barker,ybell@stevenson.biz
19,Carla Kennedy,rachelfrederick@gmail.com
20,Brad Conner,brian55@adkins.com
21,Javier Sweeney,jonesdonald@yahoo.com
22,Olivia Good,victoriajones@fisher.com
23,Scott Miller,darius04@hotmail.com
24,Bryan Brooks,tracy66@yahoo.com
25,Brent Jacobs,robinsonkristin@landry.org
26,Walter Johnson,randall20@martinez.com
27,Madeline Walsh,youngsean@hayes-kirby.com
28,Ronald Jackson PhD,stevesanchez@hotmail.com
29,Benjamin Sanders,troygreene@smith-roberts.com
30,Jennifer Todd,jenniferbuck@gmail.com
31,Monica King,andrewmiller@werner.biz
32,Julie Holland,christinecontreras@buck.com
33,Derek Young,pearsonjennifer@duncan-reed.net
34,Tina Scott,nbell@yahoo.com
35,Dan Thompson,kimjose@hotmail.com
36,John Lewis,jordan74@price.org
37,Stephen Fitzgerald,christopherparker@spencer-haas.com
38,Kevin Walker,martinezthomas@yahoo.com
39,Daniel Joseph,mileserica@morton-wood.com
40,Deanna Herrera,michelle06@williams.info
41,Taylor Cameron,abigailgross@hotmail.com
42,Amber Weber,justin06@jackson.com
43,Dennis Baker,cameronsantos@gmail.com
44,Sherry Cline,gatkins@watts.com
45,James Salas,douglashansen@vang-daniels.info
46,Rachel Foster,benitezjohn@ryan-booker.info
47,Jonathan Flores,christian36@diaz.info
48,Victoria Stewart,ismith@hotmail.com
49,Tiffany Armstrong,brendajohnson@gmail.com
50,Joshua Jackson,wcabrera@escobar-murphy.com
51,Miguel Clark,murphykimberly@yahoo.com
52,Kelli Robinson,smedina@thompson.com
53,Angel Williams,jeffrey81@page-thompson.com
54,James Ruiz,vaughntyler@brown.com
55,Nicholas Keller,joshua01@hogan.biz
56,Richard Thompson,kimfranco@gmail.com
57,Kimberly Lane,lauren61@barber.com
58,Wayne Smith,erin31@gmail.com
59,Wayne Carrillo,raguilar@gmail.com
60,Eric Larson,masoneric@gmail.com
61,Frank Branch,patrick07@gmail.com
62,Tyler Jones,ebrown@hotmail.com
63,Jeffrey Wilson,rebeccagreene@yahoo.com
64,Shelby Hendrix,kennethfletcher@yahoo.com
65,Sarah Mckinney,matthew48@stewart-gonzalez.com
66,Natalie Luna,yperez@mckinney-bailey.com
67,Kevin Morgan,michaelbarnes@hernandez.com
68,Ashley Davidson,justinbuckley@johnson.info
69,David Reed,ykramer@morris.com
70,David Smith,jay14@morgan-collins.com
71,Matthew Young,wendy11@hotmail.com
72,Brandon Roman,bporter@yahoo.com
73,Stacey Andrews,thomas72@smith.com
74,Darlene Reynolds,patricia75@mays-ross.com
75,Melanie Mitchell,darrell00@khan.com
76,Sherry Mcneil,bmckay@harris.com
77,Raven Johnson,swells@yahoo.com
78,Jeremy Mills,jasondavid@mooney-hernandez.com
79,Jeffrey Nelson,mariacooper@curtis.info
80,Benjamin Ortega,thernandez@yahoo.com
81,Andrea Bradley,patriciapatel@bates-johnson.com
82,Katrina Rojas,melissacurtis@ross-ibarra.net
83,Jonathan Mcneil,fchan@matthews-harris.com
84,James Miller,carterlogan@smith-bailey.info
85,Amanda Rojas,smithveronica@yahoo.com
86,John Smith,cjones@ross.com
87,Jorge Mitchell,taylormarc@gmail.com
88,Stephen Silva,ksmith@hotmail.com
89,Sherri Velazquez,xgriffin@hotmail.com
90,Dr. Melinda Livingston,mackenziedalton@white.net
91,Amy Pierce,hromero@gmail.com
92,Annette Brooks,samuelnelson@brown.com
93,John Johnson,lopezandrew@wallace-gaines.biz
94,Kyle Jones,mpena@liu-williams.com
95,Jose Snyder,jschwartz@gmail.com
96,Brittany Pacheco,popecarlos@yahoo.com
97,Justin Fowler,tcunningham@west.com
98,Kayla Lam,denise20@miller-porter.com
99,Tim Roberts,yvette40@gmail.com
100,Randall Travis,williamgonzales@fry-sanchez.info
101,Amber Williams,zoliver@green.com
102,Jill Day,henry13@moore-meyer.com
103,Jason Harris,ashley04@gmail.com
104,Tanya Ramirez,ethan11@barton.info
105,Edward Brown,matthewhernandez@gmail.com
106,Jeffrey Friedman,lindsey04@porter.com
107,Amy Brennan,freemanwilliam@yahoo.com
108,Scott Pierce,wcampos@welch.net
109,Jeffrey Wolfe,derrick80@morris.com
110,Brandon Pena,brian31@oconnor-vargas.net
111,Kimberly Miller,sbarker@yahoo.com
112,Jo Berger,garciaandrew@gmail.com
113,Michelle Goodwin,smolina@washington-smith.org
114,Megan Murphy,kenneth77@yahoo.com
115,Jodi Ray,catherineking@yahoo.com
116,Leah Cline,cruzmichael@hotmail.com
117,Luis Bailey,peterwashington@scott.biz
118,Charles Lucas,lwebb@yahoo.com
119,David Key,michelleblake@williams.com
120,Todd Martin,corteznicole@hotmail.com
121,David Herring,schaeferdavid@kelley-wood.com
122,Paul Grant,ebonyhernandez@davis.biz
123,Alexandra Khan,emilysaunders@hotmail.com
124,Deborah Smith,donaldjackson@moore.com
125,Charles Odom,mackvictoria@hotmail.com
126,Richard Maldonado,drowe@hotmail.com
127,Steven Johnson,qgonzalez@yahoo.com
128,Amanda Robinson,greenlisa@crawford-boyd.org
129,Jon Robinson,fscott@hotmail.com
130,William Baker,gary79@wang.net
131,Eric Sutton,asanders@hotmail.com
132,Ann Franklin,michellemorgan@hotmail.com
133,Carrie Smith,jeffery94@duffy.com
134,Dylan Martin,brett77@hotmail.com
135,Kenneth Acosta,keithjohnson@lee.com
136,Connie Thomas,rachelaguilar@townsend.com
137,Angel Ramirez,henrymichele@gmail.com
138,Jonathan Smith Jr.,matthewsantos@gmail.com
139,Todd Martinez,podonnell@yahoo.com
140,Tyler Li,michelerobinson@hotmail.com
141,Anthony King,christine71@spencer.info
142,Kaitlyn Lane,pharris@hotmail.com
143,Monica Abbott,taylorlarry@rivera.org
144,Kevin Hardin,jodi00@gmail.com
145,Lisa Anthony,ktaylor@adkins-lopez.com
146,Christopher Hayes,robinsonmary@yahoo.com
147,Rebecca Werner,garciabrenda@ramirez.com
148,Lisa Evans,susan01@hotmail.com
149,Tim Stevenson,callahanveronica@gmail.com
150,Jennifer Santos,erinhancock@yahoo.com
151,Jessica Nichols,stanleytimothy@smith-avery.com
152,Adrian Orozco,bethanybautista@walker.org
153,Jacob Cox,george07@hill.com
154,Austin Gordon,rmolina@hunter.info
155,Gina Martinez,dlynn@gmail.com
156,Sonya Haley,ramirezveronica@gmail.com
157,Amber Moore,thomaswallace@yahoo.com
158,Rhonda Hart,nvelez@francis.com
159,Kristie Robinson,nsanchez@jones-hess.com
160,Robert Roberts,sharonsmith@neal.com
161,Steven Allen,clarkbrian@hotmail.com
162,Patrick Brown,kevinhood@phillips-davis.info
163,Patrick Hughes,yortega@yahoo.com
164,Barbara Coleman,kristaberger@gmail.com
165,Ashley White,jeremywood@yahoo.com
166,Carrie Flores,edwardswilliam@williams.com
167,Brian Morris,walkerlindsey@knight-sparks.com
168,David Price,michaelcook@khan.com
169,Robert Knight,zhudson@martin-carney.com
170,Charles Harrison,ksnyder@yahoo.com
171,Marc Rowland,nicholsonlaura@schroeder.com
172,Tara Choi,gonzalezjennifer@smith.org
173,Michael Duarte,kevin92@henderson.com
174,Elizabeth Duffy,sarahjackson@garcia.org
175,Andrea Medina,amandazuniga@smith.org
176,Amy Rangel,nolankaren@yahoo.com
177,Becky Rodriguez,coreydudley@yahoo.com
178,Joseph Sexton,speterson@kemp.net
179,Tiffany Richards,melissa46@burch-williams.com
180,Debbie Scott,travisweber@cox-brown.com
181,Ryan Gomez,baldwinangela@smith.info
182,Richard Fitzgerald,brandy47@parks.com
183,Lucas Andrews,moraleskayla@gmail.com
184,Shawn Davila,williamsondavid@campbell.info
185,Elizabeth Williams,christopher85@martin-harris.com
186,Christopher Houston,veronicavargas@hotmail.com
187,Monique Lyons,elizabeth60@cobb.com
188,Emily Riley,sanchezrobert@joseph.org
189,Joseph Wilson,lauren02@gmail.com
190,Ian Reyes,tmcdonald@hotmail.com
191,Mallory Blackburn,eric28@hotmail.com
192,Benjamin Ellis,mitchellcory@herrera-tapia.com
193,Walter Nguyen,mario88@johnson.biz
194,Jessica Graves,sancheznicole@hotmail.com
195,Christopher Jones,jamiegood@walker.com
196,Aaron Smith,johnsonbrandon@yahoo.com
197,Nina Phillips,gquinn@hotmail.com
198,Calvin Johnson,ashleybrown@yahoo.com
199,Bobby Farrell,lscott@peterson.com
200,Richard Bullock,tyler13@mcdonald.biz
201,Rick Carney,victoria66@sanders.com
202,Aaron Shields,brownnicole@hotmail.com
203,Justin Ramirez,alexandermooney@gmail.com
204,Tara Henderson,potterrebekah@pierce.info
205,Joseph Hurst,williamsaimee@yahoo.com
206,William Patton,heather57@perry-taylor.biz
207,Corey Heath,uadkins@yahoo.com
208,Marvin Hughes,melissahaas@figueroa.biz
209,Pam Miles,jamesdaniels@davis.biz
210,Daniel Griffin,leahjackson@gmail.com
211,Emma Allen,joneselijah@meyer.com
212,Kimberly Giles,bradyrebecca@yahoo.com
213,Nathan Brennan,rodriguezryan@yahoo.com
214,Melissa Davis,vanessa39@vargas.com
215,Thomas Ryan,xjohnson@gmail.com
216,Megan Mcdaniel,fblack@hotmail.com
217,Michael Hartman,daviesbrandon@yahoo.com
218,Erica Patel,browndiana@hernandez.info
219,Rebecca Conway,jasonhuerta@stone.com
220,Dana Howell,evansdawn@nelson-lane.info
221,Mary Bright,awhitehead@gmail.com
222,Katherine Young,edward01@yahoo.com
223,Melissa Payne,nicholasbarton@hotmail.com
224,Robyn White,sheryl03@randall-watson.com
225,Sharon Olson,freemanfrancisco@hotmail.com
226,Jeffrey Lewis,elizabethrollins@hotmail.com
227,Greg Shepherd,joshua74@yahoo.com
228,Tina Douglas,jonesjoseph@newton-poole.info
229,Eric Fox,wendy79@schwartz.info
230,John Fuentes,damonriggs@yahoo.com
231,Cindy Sanchez,perryrobert@yahoo.com
232,John Donaldson,csullivan@moses.com
233,Michelle Bryant,sydneyshaw@brock.biz
234,Angela Freeman,kurt02@yahoo.com
235,Laura Fuentes,danavasquez@smith.com
236,Jackson Richmond,emmalyons@hotmail.com
237,Kristina Terrell,eric04@hotmail.com
238,Brandon Hickman,watersbethany@santiago.com
239,Phillip Johnson,lambertbrian@gmail.com
240,Deborah Miller,grant33@allen-jackson.com
241,Kelsey Parker,millerdanielle@schaefer.biz
242,Kayla Johnson,ryoung@yahoo.com
243,Karen Wright,melissa52@yahoo.com
244,Mark Morris,seanlewis@maldonado-phelps.info
245,Ryan Butler,uthompson@green.com
246,Kenneth Young,hwoods@hotmail.com
247,James Velasquez,charlesaguilar@yahoo.com
248,Shannon Robinson,debra59@harris-jackson.net
249,Donald Perkins,ann97@bennett-moss.com
250,Elizabeth Walton,enelson@hotmail.com
